Date,Note,Mood
2023-02-09,Here are the steps to create a custom Handlebars helper with example code:

Define the helper function:
javascript
Copy code
Handlebars.registerHelper('myHelper', function(array, options) {
  // your helper logic here
});
Write the logic for the helper function:
sql
Copy code
Handlebars.registerHelper('myHelper', function(array, options) {
  var result = '';
  if (array.length === 1) {
    result += options.fn(array[0]);
  } else {
    for (var i = 0, j = array.length; i < j; i++) {
      result += options.fn(array[i]);
    }
  }
  return result;
});
Use the helper in a Handlebars template:
bash
Copy code
{{#myHelper items}}
  <div>{{name}}</div>
{{/myHelper}}
Render the template with context data:
css
Copy code
var context = {
  items: [{
    name: 'Item 1'
  }]
};
var template = Handlebars.compile(yourTemplateString);
var output = template(context);
That's it! Your custom helper is now ready to use. The example code above shows a simple helper that checks if an array has only one item, and if so, outputs the contents of the block once. If the array has more than one item, the helper outputs the contents of the block for each item in the array.




richarddclark2@gmail.com
I'm using handlebars in nodejs app with strict mvc principles being applied,  where would each snippet of code fit in this example.  (relevant app structure flow is : app.js > routingfile.js > controller.js > model.js and back up to render handlebar with object passed back up the chain.)
Here's how the code snippets you provided might fit into an MVC (Model-View-Controller) structure in a Node.js app using Handlebars:

Define the helper function:
This code should be placed in a separate file and included in the app.js file.

javascript
Copy code
// helper.js
Handlebars.registerHelper('myHelper', function(array, options) {
  // your helper logic here
});
javascript
Copy code
// app.js
var Handlebars = require('handlebars');
require('./helper');
Write the logic for the helper function:
This code should be placed in the helper.js file, or any other file where you define your Handlebars helpers.

sql
Copy code
Handlebars.registerHelper('myHelper', function(array, options) {
  var result = '';
  if (array.length === 1) {
    result += options.fn(array[0]);
  } else {
    for (var i = 0, j = array.length; i < j; i++) {
      result += options.fn(array[i]);
    }
  }
  return result;
});
Use the helper in a Handlebars template:
This code should be placed in a Handlebars template file.

bash
Copy code
{{#myHelper items}}
  <div>{{name}}</div>
{{/myHelper}}
Render the template with context data:
This code should be placed in a controller file.

javascript
Copy code
// controller.js
var model = require('model');
var template = Handlebars.compile(yourTemplateString);

module.exports.renderPage = function(req, res) {
  model.getData(function(err, data) {
    if (err) {
      // error handling here
    } else {
      var output = template(data);
      res.render('page', {
        content: output
      });
    }
  });
};
In this example, the app.js file sets up the application and includes the helper.js file. The helper.js file defines the custom Handlebars helper. The controller.js file uses the model.js file to retrieve data and then passes the data to a Handlebars template, which uses the custom helper. The final output is sent to the client.




richarddclark2@gmail.com
and all of these are on the server side, correct?
Yes, all of the code snippets I provided are meant to run on the server side of a Node.js application. The server-side code is responsible for rendering the Handlebars templates with context data and sending the generated HTML to the client. The client side only receives the HTML and any related assets (CSS, JavaScript, images, etc.), and does not need to know about the Handlebars templates or the server-side code that rendered them.



,5
